student_id,due_date,amount_due,amount_paid,status,last_payment_date
1,2025-09-19,50000,30000,Partial,2025-09-06
2,2025-09-19,50000,50000,Paid,2025-08-25
3,2025-09-19,50000,50000,Paid,2025-08-28
4,2025-09-19,50000,50000,Paid,2025-08-21
5,2025-09-19,50000,50000,Paid,2025-09-04
6,2025-09-19,50000,30000,Partial,2025-09-03
7,2025-09-19,50000,50000,Paid,2025-07-04
8,2025-09-19,50000,50000,Paid,2025-09-05
9,2025-09-19,50000,50000,Paid,2025-07-26
10,2025-09-19,50000,50000,Paid,2025-08-18
11,2025-09-19,50000,50000,Paid,2025-07-27
12,2025-09-19,50000,50000,Paid,2025-07-25
13,2025-09-19,50000,50000,Paid,2025-09-02
14,2025-09-19,50000,50000,Paid,2025-08-20
15,2025-09-19,50000,30000,Partial,2025-08-22
16,2025-09-19,50000,30000,Partial,2025-06-26
17,2025-09-19,50000,50000,Paid,2025-07-15
18,2025-09-19,50000,50000,Paid,2025-07-04
19,2025-09-19,50000,50000,Paid,2025-06-27
20,2025-09-19,50000,50000,Paid,2025-08-10
21,2025-09-19,50000,0,Overdue,
22,2025-09-19,50000,0,Overdue,
23,2025-09-19,50000,50000,Paid,2025-09-10
24,2025-09-19,50000,50000,Paid,2025-08-16
25,2025-09-19,50000,50000,Paid,2025-08-08
26,2025-09-19,50000,50000,Paid,2025-07-03
27,2025-09-19,50000,50000,Paid,2025-08-05
28,2025-09-19,50000,50000,Paid,2025-07-18
29,2025-09-19,50000,50000,Paid,2025-08-04
30,2025-09-19,50000,30000,Partial,2025-07-18
31,2025-09-19,50000,50000,Paid,2025-06-25
32,2025-09-19,50000,50000,Paid,2025-08-09
33,2025-09-19,50000,50000,Paid,2025-07-20
34,2025-09-19,50000,30000,Partial,2025-08-06
35,2025-09-19,50000,0,Overdue,
36,2025-09-19,50000,50000,Paid,2025-06-28
37,2025-09-19,50000,50000,Paid,2025-07-23
38,2025-09-19,50000,50000,Paid,2025-08-24
39,2025-09-19,50000,50000,Paid,2025-09-08
40,2025-09-19,50000,50000,Paid,2025-09-08
41,2025-09-19,50000,30000,Partial,2025-06-27
42,2025-09-19,50000,50000,Paid,2025-07-10
43,2025-09-19,50000,50000,Paid,2025-06-25
44,2025-09-19,50000,50000,Paid,2025-08-31
45,2025-09-19,50000,50000,Paid,2025-08-08
46,2025-09-19,50000,50000,Paid,2025-09-04
47,2025-09-19,50000,50000,Paid,2025-08-03
48,2025-09-19,50000,50000,Paid,2025-08-14
49,2025-09-19,50000,50000,Paid,2025-06-26
50,2025-09-19,50000,50000,Paid,2025-09-12
51,2025-09-19,50000,50000,Paid,2025-07-08
52,2025-09-19,50000,50000,Paid,2025-08-08
53,2025-09-19,50000,30000,Partial,2025-08-18
54,2025-09-19,50000,50000,Paid,2025-09-03
55,2025-09-19,50000,50000,Paid,2025-07-26
56,2025-09-19,50000,50000,Paid,2025-08-31
57,2025-09-19,50000,50000,Paid,2025-08-12
58,2025-09-19,50000,50000,Paid,2025-09-12
59,2025-09-19,50000,50000,Paid,2025-06-27
60,2025-09-19,50000,50000,Paid,2025-07-11
61,2025-09-19,50000,50000,Paid,2025-07-02
62,2025-09-19,50000,30000,Partial,2025-07-17
63,2025-09-19,50000,50000,Paid,2025-08-30
64,2025-09-19,50000,50000,Paid,2025-07-09
65,2025-09-19,50000,0,Overdue,
66,2025-09-19,50000,50000,Paid,2025-06-24
67,2025-09-19,50000,50000,Paid,2025-08-29
68,2025-09-19,50000,30000,Partial,2025-07-04
69,2025-09-19,50000,50000,Paid,2025-08-22
70,2025-09-19,50000,30000,Partial,2025-07-29
71,2025-09-19,50000,50000,Paid,2025-07-02
72,2025-09-19,50000,30000,Partial,2025-08-21
73,2025-09-19,50000,50000,Paid,2025-08-23
74,2025-09-19,50000,50000,Paid,2025-08-28
75,2025-09-19,50000,50000,Paid,2025-09-12
76,2025-09-19,50000,0,Overdue,
77,2025-09-19,50000,50000,Paid,2025-07-08
78,2025-09-19,50000,50000,Paid,2025-06-26
79,2025-09-19,50000,50000,Paid,2025-08-10
80,2025-09-19,50000,50000,Paid,2025-07-23
81,2025-09-19,50000,50000,Paid,2025-07-31
82,2025-09-19,50000,50000,Paid,2025-09-03
83,2025-09-19,50000,50000,Paid,2025-08-07
84,2025-09-19,50000,50000,Paid,2025-09-12
85,2025-09-19,50000,50000,Paid,2025-08-23
86,2025-09-19,50000,50000,Paid,2025-07-05
87,2025-09-19,50000,0,Overdue,
88,2025-09-19,50000,50000,Paid,2025-09-08
89,2025-09-19,50000,50000,Paid,2025-08-14
90,2025-09-19,50000,50000,Paid,2025-08-07
91,2025-09-19,50000,50000,Paid,2025-07-13
92,2025-09-19,50000,50000,Paid,2025-08-11
93,2025-09-19,50000,50000,Paid,2025-08-06
94,2025-09-19,50000,50000,Paid,2025-08-20
95,2025-09-19,50000,50000,Paid,2025-09-02
96,2025-09-19,50000,50000,Paid,2025-07-09
97,2025-09-19,50000,50000,Paid,2025-06-22
98,2025-09-19,50000,50000,Paid,2025-09-07
99,2025-09-19,50000,50000,Paid,2025-08-20
100,2025-09-19,50000,50000,Paid,2025-09-01
101,2025-09-19,50000,50000,Paid,2025-08-10
102,2025-09-19,50000,50000,Paid,2025-07-01
103,2025-09-19,50000,50000,Paid,2025-09-01
104,2025-09-19,50000,50000,Paid,2025-08-18
105,2025-09-19,50000,30000,Partial,2025-08-12
106,2025-09-19,50000,50000,Paid,2025-07-12
107,2025-09-19,50000,50000,Paid,2025-07-23
108,2025-09-19,50000,50000,Paid,2025-06-22
109,2025-09-19,50000,30000,Partial,2025-08-06
110,2025-09-19,50000,50000,Paid,2025-07-01
111,2025-09-19,50000,30000,Partial,2025-09-08
112,2025-09-19,50000,50000,Paid,2025-07-15
113,2025-09-19,50000,50000,Paid,2025-07-23
114,2025-09-19,50000,50000,Paid,2025-06-30
115,2025-09-19,50000,50000,Paid,2025-06-23
116,2025-09-19,50000,30000,Partial,2025-08-03
117,2025-09-19,50000,0,Overdue,
118,2025-09-19,50000,50000,Paid,2025-07-23
119,2025-09-19,50000,50000,Paid,2025-07-13
120,2025-09-19,50000,50000,Paid,2025-08-09
121,2025-09-19,50000,50000,Paid,2025-06-24
122,2025-09-19,50000,50000,Paid,2025-07-20
123,2025-09-19,50000,50000,Paid,2025-07-28
124,2025-09-19,50000,50000,Paid,2025-08-23
125,2025-09-19,50000,50000,Paid,2025-06-22
126,2025-09-19,50000,50000,Paid,2025-09-02
127,2025-09-19,50000,50000,Paid,2025-06-25
128,2025-09-19,50000,30000,Partial,2025-07-06
129,2025-09-19,50000,30000,Partial,2025-08-29
130,2025-09-19,50000,50000,Paid,2025-07-29
131,2025-09-19,50000,50000,Paid,2025-07-10
132,2025-09-19,50000,50000,Paid,2025-08-28
133,2025-09-19,50000,30000,Partial,2025-07-23
134,2025-09-19,50000,50000,Paid,2025-08-25
135,2025-09-19,50000,50000,Paid,2025-07-09
136,2025-09-19,50000,50000,Paid,2025-09-04
137,2025-09-19,50000,50000,Paid,2025-08-21
138,2025-09-19,50000,50000,Paid,2025-08-15
139,2025-09-19,50000,50000,Paid,2025-09-12
140,2025-09-19,50000,50000,Paid,2025-07-15
141,2025-09-19,50000,50000,Paid,2025-06-22
142,2025-09-19,50000,30000,Partial,2025-08-21
143,2025-09-19,50000,50000,Paid,2025-07-12
144,2025-09-19,50000,30000,Partial,2025-07-14
145,2025-09-19,50000,50000,Paid,2025-08-30
146,2025-09-19,50000,50000,Paid,2025-08-18
147,2025-09-19,50000,50000,Paid,2025-06-29
148,2025-09-19,50000,50000,Paid,2025-09-12
149,2025-09-19,50000,50000,Paid,2025-09-11
150,2025-09-19,50000,50000,Paid,2025-06-25
151,2025-09-19,50000,0,Overdue,
152,2025-09-19,50000,50000,Paid,2025-06-26
153,2025-09-19,50000,50000,Paid,2025-08-19
154,2025-09-19,50000,50000,Paid,2025-08-27
155,2025-09-19,50000,50000,Paid,2025-08-17
156,2025-09-19,50000,50000,Paid,2025-07-27
157,2025-09-19,50000,50000,Paid,2025-07-12
158,2025-09-19,50000,50000,Paid,2025-07-24
159,2025-09-19,50000,30000,Partial,2025-07-06
160,2025-09-19,50000,50000,Paid,2025-07-06
161,2025-09-19,50000,50000,Paid,2025-08-01
162,2025-09-19,50000,50000,Paid,2025-06-29
163,2025-09-19,50000,50000,Paid,2025-08-09
164,2025-09-19,50000,50000,Paid,2025-08-05
165,2025-09-19,50000,50000,Paid,2025-07-18
166,2025-09-19,50000,50000,Paid,2025-08-18
167,2025-09-19,50000,50000,Paid,2025-07-28
168,2025-09-19,50000,50000,Paid,2025-08-27
169,2025-09-19,50000,50000,Paid,2025-08-24
170,2025-09-19,50000,50000,Paid,2025-07-31
171,2025-09-19,50000,50000,Paid,2025-08-02
172,2025-09-19,50000,50000,Paid,2025-08-24
173,2025-09-19,50000,50000,Paid,2025-08-14
174,2025-09-19,50000,50000,Paid,2025-07-15
175,2025-09-19,50000,50000,Paid,2025-07-27
176,2025-09-19,50000,50000,Paid,2025-06-24
177,2025-09-19,50000,50000,Paid,2025-06-26
178,2025-09-19,50000,50000,Paid,2025-08-21
179,2025-09-19,50000,50000,Paid,2025-08-22
180,2025-09-19,50000,50000,Paid,2025-07-29
181,2025-09-19,50000,50000,Paid,2025-09-10
182,2025-09-19,50000,50000,Paid,2025-08-20
183,2025-09-19,50000,50000,Paid,2025-07-14
184,2025-09-19,50000,50000,Paid,2025-08-28
185,2025-09-19,50000,50000,Paid,2025-07-31
186,2025-09-19,50000,50000,Paid,2025-07-20
187,2025-09-19,50000,30000,Partial,2025-07-26
188,2025-09-19,50000,50000,Paid,2025-08-30
189,2025-09-19,50000,50000,Paid,2025-08-26
190,2025-09-19,50000,50000,Paid,2025-07-02
191,2025-09-19,50000,50000,Paid,2025-08-24
192,2025-09-19,50000,50000,Paid,2025-08-12
193,2025-09-19,50000,50000,Paid,2025-07-27
194,2025-09-19,50000,50000,Paid,2025-06-24
195,2025-09-19,50000,50000,Paid,2025-07-11
196,2025-09-19,50000,50000,Paid,2025-08-15
197,2025-09-19,50000,0,Overdue,
198,2025-09-19,50000,50000,Paid,2025-07-10
199,2025-09-19,50000,50000,Paid,2025-08-20
200,2025-09-19,50000,0,Overdue,
201,2025-09-19,50000,0,Overdue,
202,2025-09-19,50000,50000,Paid,2025-07-04
203,2025-09-19,50000,50000,Paid,2025-08-05
204,2025-09-19,50000,50000,Paid,2025-08-01
205,2025-09-19,50000,50000,Paid,2025-07-23
206,2025-09-19,50000,50000,Paid,2025-07-26
207,2025-09-19,50000,50000,Paid,2025-06-30
208,2025-09-19,50000,50000,Paid,2025-07-15
209,2025-09-19,50000,50000,Paid,2025-08-25
210,2025-09-19,50000,50000,Paid,2025-08-06
211,2025-09-19,50000,50000,Paid,2025-07-17
212,2025-09-19,50000,50000,Paid,2025-09-02
213,2025-09-19,50000,50000,Paid,2025-08-20
214,2025-09-19,50000,50000,Paid,2025-07-29
215,2025-09-19,50000,50000,Paid,2025-09-01
216,2025-09-19,50000,50000,Paid,2025-07-25
217,2025-09-19,50000,0,Overdue,
218,2025-09-19,50000,50000,Paid,2025-08-08
219,2025-09-19,50000,50000,Paid,2025-07-22
220,2025-09-19,50000,50000,Paid,2025-08-30
221,2025-09-19,50000,50000,Paid,2025-08-08
222,2025-09-19,50000,50000,Paid,2025-07-08
223,2025-09-19,50000,50000,Paid,2025-09-11
224,2025-09-19,50000,50000,Paid,2025-07-10
225,2025-09-19,50000,50000,Paid,2025-08-21
226,2025-09-19,50000,50000,Paid,2025-08-23
227,2025-09-19,50000,30000,Partial,2025-08-06
228,2025-09-19,50000,50000,Paid,2025-08-12
229,2025-09-19,50000,50000,Paid,2025-08-13
230,2025-09-19,50000,50000,Paid,2025-08-22
231,2025-09-19,50000,0,Overdue,
232,2025-09-19,50000,50000,Paid,2025-07-28
233,2025-09-19,50000,50000,Paid,2025-07-24
234,2025-09-19,50000,50000,Paid,2025-08-19
235,2025-09-19,50000,50000,Paid,2025-07-26
236,2025-09-19,50000,50000,Paid,2025-07-09
237,2025-09-19,50000,50000,Paid,2025-08-18
238,2025-09-19,50000,50000,Paid,2025-07-19
239,2025-09-19,50000,50000,Paid,2025-08-13
240,2025-09-19,50000,50000,Paid,2025-08-06
241,2025-09-19,50000,50000,Paid,2025-08-06
242,2025-09-19,50000,50000,Paid,2025-08-03
243,2025-09-19,50000,50000,Paid,2025-07-21
244,2025-09-19,50000,0,Overdue,
245,2025-09-19,50000,50000,Paid,2025-07-02
246,2025-09-19,50000,50000,Paid,2025-07-12
247,2025-09-19,50000,0,Overdue,
248,2025-09-19,50000,0,Overdue,
249,2025-09-19,50000,50000,Paid,2025-09-07
250,2025-09-19,50000,50000,Paid,2025-08-25
251,2025-09-19,50000,50000,Paid,2025-08-22
252,2025-09-19,50000,50000,Paid,2025-07-31
253,2025-09-19,50000,50000,Paid,2025-08-30
254,2025-09-19,50000,50000,Paid,2025-08-07
255,2025-09-19,50000,50000,Paid,2025-07-16
256,2025-09-19,50000,30000,Partial,2025-08-10
257,2025-09-19,50000,50000,Paid,2025-08-27
258,2025-09-19,50000,50000,Paid,2025-07-24
259,2025-09-19,50000,50000,Paid,2025-07-28
260,2025-09-19,50000,30000,Partial,2025-08-25
261,2025-09-19,50000,0,Overdue,
262,2025-09-19,50000,50000,Paid,2025-08-02
263,2025-09-19,50000,50000,Paid,2025-08-29
264,2025-09-19,50000,50000,Paid,2025-07-28
265,2025-09-19,50000,30000,Partial,2025-07-17
266,2025-09-19,50000,50000,Paid,2025-09-08
267,2025-09-19,50000,50000,Paid,2025-08-11
268,2025-09-19,50000,50000,Paid,2025-07-18
269,2025-09-19,50000,0,Overdue,
270,2025-09-19,50000,50000,Paid,2025-09-05
271,2025-09-19,50000,50000,Paid,2025-06-23
272,2025-09-19,50000,50000,Paid,2025-09-10
273,2025-09-19,50000,0,Overdue,
274,2025-09-19,50000,50000,Paid,2025-07-19
275,2025-09-19,50000,50000,Paid,2025-07-31
276,2025-09-19,50000,50000,Paid,2025-07-22
277,2025-09-19,50000,50000,Paid,2025-07-14
278,2025-09-19,50000,50000,Paid,2025-08-07
279,2025-09-19,50000,50000,Paid,2025-06-23
280,2025-09-19,50000,50000,Paid,2025-08-21
281,2025-09-19,50000,50000,Paid,2025-08-29
282,2025-09-19,50000,50000,Paid,2025-07-25
283,2025-09-19,50000,50000,Paid,2025-08-29
284,2025-09-19,50000,30000,Partial,2025-08-22
285,2025-09-19,50000,50000,Paid,2025-06-28
286,2025-09-19,50000,50000,Paid,2025-07-25
287,2025-09-19,50000,50000,Paid,2025-08-24
288,2025-09-19,50000,50000,Paid,2025-07-26
289,2025-09-19,50000,50000,Paid,2025-07-31
290,2025-09-19,50000,50000,Paid,2025-07-15
291,2025-09-19,50000,50000,Paid,2025-09-02
292,2025-09-19,50000,30000,Partial,2025-06-22
293,2025-09-19,50000,50000,Paid,2025-08-03
294,2025-09-19,50000,50000,Paid,2025-08-16
295,2025-09-19,50000,30000,Partial,2025-08-27
296,2025-09-19,50000,50000,Paid,2025-07-01
297,2025-09-19,50000,30000,Partial,2025-08-28
298,2025-09-19,50000,30000,Partial,2025-09-11
299,2025-09-19,50000,50000,Paid,2025-06-25
300,2025-09-19,50000,50000,Paid,2025-07-11
301,2025-09-19,50000,50000,Paid,2025-08-27
302,2025-09-19,50000,30000,Partial,2025-08-16
303,2025-09-19,50000,30000,Partial,2025-09-06
304,2025-09-19,50000,50000,Paid,2025-06-24
305,2025-09-19,50000,30000,Partial,2025-07-11
306,2025-09-19,50000,50000,Paid,2025-08-30
307,2025-09-19,50000,30000,Partial,2025-09-02
308,2025-09-19,50000,50000,Paid,2025-07-20
309,2025-09-19,50000,50000,Paid,2025-07-20
310,2025-09-19,50000,50000,Paid,2025-08-10
311,2025-09-19,50000,50000,Paid,2025-08-08
312,2025-09-19,50000,50000,Paid,2025-08-10
313,2025-09-19,50000,50000,Paid,2025-08-22
314,2025-09-19,50000,50000,Paid,2025-08-14
315,2025-09-19,50000,50000,Paid,2025-07-10
316,2025-09-19,50000,50000,Paid,2025-07-23
317,2025-09-19,50000,50000,Paid,2025-08-11
318,2025-09-19,50000,50000,Paid,2025-08-06
319,2025-09-19,50000,30000,Partial,2025-08-05
320,2025-09-19,50000,50000,Paid,2025-08-23
321,2025-09-19,50000,50000,Paid,2025-07-12
322,2025-09-19,50000,50000,Paid,2025-07-02
323,2025-09-19,50000,50000,Paid,2025-09-11
324,2025-09-19,50000,50000,Paid,2025-07-21
325,2025-09-19,50000,50000,Paid,2025-09-04
326,2025-09-19,50000,50000,Paid,2025-07-01
327,2025-09-19,50000,30000,Partial,2025-07-02
328,2025-09-19,50000,0,Overdue,
329,2025-09-19,50000,50000,Paid,2025-06-26
330,2025-09-19,50000,50000,Paid,2025-08-01
331,2025-09-19,50000,50000,Paid,2025-07-27
332,2025-09-19,50000,0,Overdue,
333,2025-09-19,50000,50000,Paid,2025-08-25
334,2025-09-19,50000,50000,Paid,2025-08-04
335,2025-09-19,50000,50000,Paid,2025-06-23
336,2025-09-19,50000,50000,Paid,2025-08-21
337,2025-09-19,50000,50000,Paid,2025-07-11
338,2025-09-19,50000,50000,Paid,2025-07-11
339,2025-09-19,50000,30000,Partial,2025-07-13
340,2025-09-19,50000,30000,Partial,2025-08-16
341,2025-09-19,50000,50000,Paid,2025-06-29
342,2025-09-19,50000,30000,Partial,2025-08-14
343,2025-09-19,50000,50000,Paid,2025-06-25
344,2025-09-19,50000,30000,Partial,2025-08-08
345,2025-09-19,50000,50000,Paid,2025-07-19
346,2025-09-19,50000,50000,Paid,2025-07-06
347,2025-09-19,50000,50000,Paid,2025-07-29
348,2025-09-19,50000,50000,Paid,2025-06-22
349,2025-09-19,50000,50000,Paid,2025-07-20
350,2025-09-19,50000,0,Overdue,
351,2025-09-19,50000,30000,Partial,2025-07-10
352,2025-09-19,50000,50000,Paid,2025-08-14
353,2025-09-19,50000,50000,Paid,2025-07-18
354,2025-09-19,50000,50000,Paid,2025-08-12
355,2025-09-19,50000,50000,Paid,2025-07-15
356,2025-09-19,50000,50000,Paid,2025-08-08
357,2025-09-19,50000,50000,Paid,2025-09-04
358,2025-09-19,50000,0,Overdue,
359,2025-09-19,50000,50000,Paid,2025-08-13
360,2025-09-19,50000,50000,Paid,2025-07-23
361,2025-09-19,50000,50000,Paid,2025-07-08
362,2025-09-19,50000,50000,Paid,2025-07-20
363,2025-09-19,50000,50000,Paid,2025-07-28
364,2025-09-19,50000,50000,Paid,2025-07-30
365,2025-09-19,50000,50000,Paid,2025-08-03
366,2025-09-19,50000,50000,Paid,2025-08-28
367,2025-09-19,50000,30000,Partial,2025-07-16
368,2025-09-19,50000,50000,Paid,2025-08-09
369,2025-09-19,50000,50000,Paid,2025-06-26
370,2025-09-19,50000,50000,Paid,2025-07-20
371,2025-09-19,50000,50000,Paid,2025-07-15
372,2025-09-19,50000,50000,Paid,2025-06-25
373,2025-09-19,50000,50000,Paid,2025-08-17
374,2025-09-19,50000,50000,Paid,2025-09-06
375,2025-09-19,50000,50000,Paid,2025-07-13
376,2025-09-19,50000,30000,Partial,2025-09-06
377,2025-09-19,50000,50000,Paid,2025-06-28
378,2025-09-19,50000,50000,Paid,2025-07-28
379,2025-09-19,50000,30000,Partial,2025-08-30
380,2025-09-19,50000,50000,Paid,2025-08-04
381,2025-09-19,50000,50000,Paid,2025-08-29
382,2025-09-19,50000,50000,Paid,2025-09-01
383,2025-09-19,50000,50000,Paid,2025-07-25
384,2025-09-19,50000,50000,Paid,2025-08-16
385,2025-09-19,50000,50000,Paid,2025-08-01
386,2025-09-19,50000,50000,Paid,2025-06-23
387,2025-09-19,50000,30000,Partial,2025-07-17
388,2025-09-19,50000,50000,Paid,2025-09-07
389,2025-09-19,50000,50000,Paid,2025-07-05
390,2025-09-19,50000,50000,Paid,2025-07-01
391,2025-09-19,50000,30000,Partial,2025-07-18
392,2025-09-19,50000,50000,Paid,2025-07-28
393,2025-09-19,50000,0,Overdue,
394,2025-09-19,50000,50000,Paid,2025-09-05
395,2025-09-19,50000,50000,Paid,2025-07-29
396,2025-09-19,50000,50000,Paid,2025-06-24
397,2025-09-19,50000,0,Overdue,
398,2025-09-19,50000,50000,Paid,2025-08-07
399,2025-09-19,50000,0,Overdue,
400,2025-09-19,50000,50000,Paid,2025-08-26
401,2025-09-19,50000,50000,Paid,2025-08-17
402,2025-09-19,50000,50000,Paid,2025-08-17
403,2025-09-19,50000,50000,Paid,2025-07-08
404,2025-09-19,50000,50000,Paid,2025-06-27
405,2025-09-19,50000,50000,Paid,2025-07-21
406,2025-09-19,50000,30000,Partial,2025-07-31
407,2025-09-19,50000,50000,Paid,2025-07-21
408,2025-09-19,50000,50000,Paid,2025-08-12
409,2025-09-19,50000,50000,Paid,2025-06-27
410,2025-09-19,50000,50000,Paid,2025-08-30
411,2025-09-19,50000,50000,Paid,2025-08-01
412,2025-09-19,50000,30000,Partial,2025-07-09
413,2025-09-19,50000,50000,Paid,2025-09-12
414,2025-09-19,50000,50000,Paid,2025-08-11
415,2025-09-19,50000,30000,Partial,2025-08-09
416,2025-09-19,50000,50000,Paid,2025-07-07
417,2025-09-19,50000,50000,Paid,2025-07-26
418,2025-09-19,50000,50000,Paid,2025-06-30
419,2025-09-19,50000,50000,Paid,2025-06-30
420,2025-09-19,50000,30000,Partial,2025-08-03
421,2025-09-19,50000,30000,Partial,2025-08-11
422,2025-09-19,50000,50000,Paid,2025-09-03
423,2025-09-19,50000,50000,Paid,2025-09-05
424,2025-09-19,50000,50000,Paid,2025-08-08
425,2025-09-19,50000,50000,Paid,2025-06-26
426,2025-09-19,50000,50000,Paid,2025-07-04
427,2025-09-19,50000,50000,Paid,2025-07-02
428,2025-09-19,50000,50000,Paid,2025-08-15
429,2025-09-19,50000,50000,Paid,2025-06-22
430,2025-09-19,50000,50000,Paid,2025-07-18
431,2025-09-19,50000,30000,Partial,2025-08-23
432,2025-09-19,50000,50000,Paid,2025-07-12
433,2025-09-19,50000,50000,Paid,2025-07-21
434,2025-09-19,50000,50000,Paid,2025-08-26
435,2025-09-19,50000,50000,Paid,2025-08-04
436,2025-09-19,50000,50000,Paid,2025-08-09
437,2025-09-19,50000,50000,Paid,2025-06-26
438,2025-09-19,50000,30000,Partial,2025-07-05
439,2025-09-19,50000,50000,Paid,2025-08-13
440,2025-09-19,50000,50000,Paid,2025-08-11
441,2025-09-19,50000,50000,Paid,2025-08-15
442,2025-09-19,50000,50000,Paid,2025-08-07
443,2025-09-19,50000,50000,Paid,2025-07-21
444,2025-09-19,50000,50000,Paid,2025-07-28
445,2025-09-19,50000,50000,Paid,2025-07-14
446,2025-09-19,50000,50000,Paid,2025-09-06
447,2025-09-19,50000,50000,Paid,2025-08-23
448,2025-09-19,50000,50000,Paid,2025-08-06
449,2025-09-19,50000,50000,Paid,2025-08-02
450,2025-09-19,50000,50000,Paid,2025-07-04
451,2025-09-19,50000,50000,Paid,2025-08-22
452,2025-09-19,50000,50000,Paid,2025-08-15
453,2025-09-19,50000,50000,Paid,2025-06-28
454,2025-09-19,50000,50000,Paid,2025-07-01
455,2025-09-19,50000,50000,Paid,2025-06-25
456,2025-09-19,50000,50000,Paid,2025-07-02
457,2025-09-19,50000,0,Overdue,
458,2025-09-19,50000,50000,Paid,2025-08-10
459,2025-09-19,50000,50000,Paid,2025-07-04
460,2025-09-19,50000,50000,Paid,2025-07-23
461,2025-09-19,50000,50000,Paid,2025-06-28
462,2025-09-19,50000,50000,Paid,2025-07-02
463,2025-09-19,50000,30000,Partial,2025-07-06
464,2025-09-19,50000,50000,Paid,2025-09-07
465,2025-09-19,50000,50000,Paid,2025-07-25
466,2025-09-19,50000,50000,Paid,2025-07-12
467,2025-09-19,50000,50000,Paid,2025-06-26
468,2025-09-19,50000,0,Overdue,
469,2025-09-19,50000,50000,Paid,2025-09-03
470,2025-09-19,50000,30000,Partial,2025-07-29
471,2025-09-19,50000,50000,Paid,2025-08-11
472,2025-09-19,50000,50000,Paid,2025-07-06
473,2025-09-19,50000,50000,Paid,2025-09-04
474,2025-09-19,50000,50000,Paid,2025-09-01
475,2025-09-19,50000,50000,Paid,2025-06-23
476,2025-09-19,50000,50000,Paid,2025-07-09
477,2025-09-19,50000,50000,Paid,2025-08-23
478,2025-09-19,50000,50000,Paid,2025-08-28
479,2025-09-19,50000,50000,Paid,2025-07-09
480,2025-09-19,50000,50000,Paid,2025-06-29
481,2025-09-19,50000,50000,Paid,2025-07-15
482,2025-09-19,50000,30000,Partial,2025-08-06
483,2025-09-19,50000,50000,Paid,2025-08-01
484,2025-09-19,50000,50000,Paid,2025-07-22
485,2025-09-19,50000,50000,Paid,2025-07-17
486,2025-09-19,50000,50000,Paid,2025-08-30
487,2025-09-19,50000,50000,Paid,2025-08-21
488,2025-09-19,50000,50000,Paid,2025-08-01
489,2025-09-19,50000,50000,Paid,2025-07-11
490,2025-09-19,50000,50000,Paid,2025-06-22
491,2025-09-19,50000,50000,Paid,2025-08-13
492,2025-09-19,50000,50000,Paid,2025-07-18
493,2025-09-19,50000,50000,Paid,2025-06-25
494,2025-09-19,50000,50000,Paid,2025-06-29
495,2025-09-19,50000,50000,Paid,2025-08-20
496,2025-09-19,50000,30000,Partial,2025-08-23
497,2025-09-19,50000,50000,Paid,2025-09-11
498,2025-09-19,50000,0,Overdue,
499,2025-09-19,50000,50000,Paid,2025-07-05
500,2025-09-19,50000,50000,Paid,2025-07-10
501,2025-09-19,50000,50000,Paid,2025-08-22
502,2025-09-19,50000,30000,Partial,2025-09-11
503,2025-09-19,50000,50000,Paid,2025-07-14
504,2025-09-19,50000,50000,Paid,2025-09-01
505,2025-09-19,50000,50000,Paid,2025-08-21
506,2025-09-19,50000,50000,Paid,2025-07-27
507,2025-09-19,50000,50000,Paid,2025-07-22
508,2025-09-19,50000,50000,Paid,2025-08-24
509,2025-09-19,50000,50000,Paid,2025-07-13
510,2025-09-19,50000,50000,Paid,2025-06-27
511,2025-09-19,50000,50000,Paid,2025-07-14
512,2025-09-19,50000,30000,Partial,2025-09-12
513,2025-09-19,50000,50000,Paid,2025-09-11
514,2025-09-19,50000,50000,Paid,2025-09-08
515,2025-09-19,50000,50000,Paid,2025-07-17
516,2025-09-19,50000,50000,Paid,2025-07-16
517,2025-09-19,50000,50000,Paid,2025-07-23
518,2025-09-19,50000,50000,Paid,2025-07-31
519,2025-09-19,50000,50000,Paid,2025-07-04
520,2025-09-19,50000,50000,Paid,2025-07-07
521,2025-09-19,50000,50000,Paid,2025-09-07
522,2025-09-19,50000,50000,Paid,2025-07-21
523,2025-09-19,50000,50000,Paid,2025-08-21
524,2025-09-19,50000,50000,Paid,2025-07-24
525,2025-09-19,50000,50000,Paid,2025-08-11
526,2025-09-19,50000,50000,Paid,2025-08-13
527,2025-09-19,50000,50000,Paid,2025-07-10
528,2025-09-19,50000,50000,Paid,2025-09-06
529,2025-09-19,50000,50000,Paid,2025-08-28
530,2025-09-19,50000,50000,Paid,2025-07-29
531,2025-09-19,50000,50000,Paid,2025-08-03
532,2025-09-19,50000,50000,Paid,2025-09-01
533,2025-09-19,50000,50000,Paid,2025-09-01
534,2025-09-19,50000,50000,Paid,2025-09-05
535,2025-09-19,50000,50000,Paid,2025-07-11
536,2025-09-19,50000,50000,Paid,2025-08-09
537,2025-09-19,50000,50000,Paid,2025-08-24
538,2025-09-19,50000,50000,Paid,2025-07-28
539,2025-09-19,50000,50000,Paid,2025-08-10
540,2025-09-19,50000,50000,Paid,2025-07-23
541,2025-09-19,50000,50000,Paid,2025-06-28
542,2025-09-19,50000,50000,Paid,2025-08-23
543,2025-09-19,50000,50000,Paid,2025-07-30
544,2025-09-19,50000,50000,Paid,2025-06-29
545,2025-09-19,50000,50000,Paid,2025-08-15
546,2025-09-19,50000,50000,Paid,2025-08-10
547,2025-09-19,50000,50000,Paid,2025-09-08
548,2025-09-19,50000,30000,Partial,2025-09-09
549,2025-09-19,50000,50000,Paid,2025-06-29
550,2025-09-19,50000,50000,Paid,2025-09-10
551,2025-09-19,50000,50000,Paid,2025-08-26
552,2025-09-19,50000,50000,Paid,2025-07-20
553,2025-09-19,50000,30000,Partial,2025-09-08
554,2025-09-19,50000,50000,Paid,2025-09-09
555,2025-09-19,50000,50000,Paid,2025-08-10
556,2025-09-19,50000,50000,Paid,2025-08-20
557,2025-09-19,50000,50000,Paid,2025-08-25
558,2025-09-19,50000,0,Overdue,
559,2025-09-19,50000,30000,Partial,2025-08-22
560,2025-09-19,50000,50000,Paid,2025-09-05
561,2025-09-19,50000,50000,Paid,2025-07-04
562,2025-09-19,50000,50000,Paid,2025-06-27
563,2025-09-19,50000,50000,Paid,2025-07-23
564,2025-09-19,50000,50000,Paid,2025-08-21
565,2025-09-19,50000,50000,Paid,2025-07-10
566,2025-09-19,50000,50000,Paid,2025-08-04
567,2025-09-19,50000,50000,Paid,2025-08-24
568,2025-09-19,50000,50000,Paid,2025-07-17
569,2025-09-19,50000,50000,Paid,2025-06-22
570,2025-09-19,50000,50000,Paid,2025-09-06
571,2025-09-19,50000,50000,Paid,2025-09-10
572,2025-09-19,50000,50000,Paid,2025-07-12
573,2025-09-19,50000,50000,Paid,2025-06-29
574,2025-09-19,50000,50000,Paid,2025-06-22
575,2025-09-19,50000,50000,Paid,2025-07-30
576,2025-09-19,50000,50000,Paid,2025-08-13
577,2025-09-19,50000,50000,Paid,2025-08-02
578,2025-09-19,50000,50000,Paid,2025-08-02
579,2025-09-19,50000,50000,Paid,2025-07-18
580,2025-09-19,50000,50000,Paid,2025-07-18
581,2025-09-19,50000,50000,Paid,2025-08-28
582,2025-09-19,50000,50000,Paid,2025-09-01
583,2025-09-19,50000,50000,Paid,2025-07-27
584,2025-09-19,50000,50000,Paid,2025-07-24
585,2025-09-19,50000,0,Overdue,
586,2025-09-19,50000,50000,Paid,2025-08-20
587,2025-09-19,50000,50000,Paid,2025-07-08
588,2025-09-19,50000,50000,Paid,2025-06-23
589,2025-09-19,50000,50000,Paid,2025-07-02
590,2025-09-19,50000,0,Overdue,
591,2025-09-19,50000,50000,Paid,2025-06-25
592,2025-09-19,50000,30000,Partial,2025-07-15
593,2025-09-19,50000,50000,Paid,2025-09-11
594,2025-09-19,50000,50000,Paid,2025-07-12
595,2025-09-19,50000,30000,Partial,2025-07-19
596,2025-09-19,50000,50000,Paid,2025-09-12
597,2025-09-19,50000,30000,Partial,2025-07-20
598,2025-09-19,50000,50000,Paid,2025-08-11
599,2025-09-19,50000,50000,Paid,2025-06-29
600,2025-09-19,50000,50000,Paid,2025-07-28
601,2025-09-19,50000,50000,Paid,2025-08-18
602,2025-09-19,50000,50000,Paid,2025-08-17
603,2025-09-19,50000,50000,Paid,2025-06-25
604,2025-09-19,50000,50000,Paid,2025-07-22
605,2025-09-19,50000,50000,Paid,2025-07-21
606,2025-09-19,50000,50000,Paid,2025-08-01
607,2025-09-19,50000,50000,Paid,2025-09-08
608,2025-09-19,50000,50000,Paid,2025-09-05
609,2025-09-19,50000,50000,Paid,2025-07-23
610,2025-09-19,50000,30000,Partial,2025-07-31
611,2025-09-19,50000,50000,Paid,2025-06-25
612,2025-09-19,50000,50000,Paid,2025-07-22
613,2025-09-19,50000,50000,Paid,2025-08-27
614,2025-09-19,50000,30000,Partial,2025-07-20
615,2025-09-19,50000,0,Overdue,
616,2025-09-19,50000,50000,Paid,2025-07-18
617,2025-09-19,50000,50000,Paid,2025-07-06
618,2025-09-19,50000,30000,Partial,2025-07-13
619,2025-09-19,50000,50000,Paid,2025-08-16
620,2025-09-19,50000,50000,Paid,2025-07-09
621,2025-09-19,50000,50000,Paid,2025-08-09
622,2025-09-19,50000,50000,Paid,2025-09-05
623,2025-09-19,50000,50000,Paid,2025-08-15
624,2025-09-19,50000,30000,Partial,2025-07-23
625,2025-09-19,50000,50000,Paid,2025-07-12
626,2025-09-19,50000,50000,Paid,2025-09-09
627,2025-09-19,50000,50000,Paid,2025-08-18
628,2025-09-19,50000,50000,Paid,2025-08-16
629,2025-09-19,50000,30000,Partial,2025-09-02
630,2025-09-19,50000,50000,Paid,2025-06-27
631,2025-09-19,50000,0,Overdue,
632,2025-09-19,50000,50000,Paid,2025-08-14
633,2025-09-19,50000,50000,Paid,2025-07-01
634,2025-09-19,50000,50000,Paid,2025-07-27
635,2025-09-19,50000,50000,Paid,2025-06-26
636,2025-09-19,50000,50000,Paid,2025-07-25
637,2025-09-19,50000,50000,Paid,2025-08-22
638,2025-09-19,50000,50000,Paid,2025-07-09
639,2025-09-19,50000,50000,Paid,2025-08-23
640,2025-09-19,50000,50000,Paid,2025-06-25
641,2025-09-19,50000,50000,Paid,2025-07-17
642,2025-09-19,50000,50000,Paid,2025-08-22
643,2025-09-19,50000,30000,Partial,2025-06-23
644,2025-09-19,50000,0,Overdue,
645,2025-09-19,50000,50000,Paid,2025-07-07
646,2025-09-19,50000,50000,Paid,2025-07-10
647,2025-09-19,50000,0,Overdue,
648,2025-09-19,50000,50000,Paid,2025-06-25
649,2025-09-19,50000,50000,Paid,2025-06-25
650,2025-09-19,50000,50000,Paid,2025-07-26
651,2025-09-19,50000,30000,Partial,2025-08-07
652,2025-09-19,50000,50000,Paid,2025-07-13
653,2025-09-19,50000,50000,Paid,2025-08-06
654,2025-09-19,50000,50000,Paid,2025-07-07
655,2025-09-19,50000,50000,Paid,2025-08-30
656,2025-09-19,50000,50000,Paid,2025-07-14
657,2025-09-19,50000,50000,Paid,2025-08-11
658,2025-09-19,50000,50000,Paid,2025-07-21
659,2025-09-19,50000,50000,Paid,2025-07-17
660,2025-09-19,50000,50000,Paid,2025-07-10
661,2025-09-19,50000,50000,Paid,2025-06-30
662,2025-09-19,50000,50000,Paid,2025-06-23
663,2025-09-19,50000,50000,Paid,2025-07-14
664,2025-09-19,50000,0,Overdue,
665,2025-09-19,50000,50000,Paid,2025-07-31
666,2025-09-19,50000,50000,Paid,2025-07-13
667,2025-09-19,50000,50000,Paid,2025-08-14
668,2025-09-19,50000,50000,Paid,2025-07-09
669,2025-09-19,50000,0,Overdue,
670,2025-09-19,50000,50000,Paid,2025-08-15
671,2025-09-19,50000,50000,Paid,2025-07-20
672,2025-09-19,50000,50000,Paid,2025-09-07
673,2025-09-19,50000,50000,Paid,2025-07-04
674,2025-09-19,50000,0,Overdue,
675,2025-09-19,50000,30000,Partial,2025-07-19
676,2025-09-19,50000,50000,Paid,2025-06-25
677,2025-09-19,50000,30000,Partial,2025-06-30
678,2025-09-19,50000,50000,Paid,2025-08-25
679,2025-09-19,50000,50000,Paid,2025-08-07
680,2025-09-19,50000,0,Overdue,
681,2025-09-19,50000,50000,Paid,2025-07-15
682,2025-09-19,50000,50000,Paid,2025-08-28
683,2025-09-19,50000,50000,Paid,2025-08-10
684,2025-09-19,50000,50000,Paid,2025-09-09
685,2025-09-19,50000,50000,Paid,2025-08-12
686,2025-09-19,50000,50000,Paid,2025-07-17
687,2025-09-19,50000,0,Overdue,
688,2025-09-19,50000,50000,Paid,2025-07-25
689,2025-09-19,50000,50000,Paid,2025-07-05
690,2025-09-19,50000,50000,Paid,2025-07-30
691,2025-09-19,50000,50000,Paid,2025-08-28
692,2025-09-19,50000,50000,Paid,2025-07-18
693,2025-09-19,50000,50000,Paid,2025-09-05
694,2025-09-19,50000,30000,Partial,2025-06-24
695,2025-09-19,50000,50000,Paid,2025-06-22
696,2025-09-19,50000,50000,Paid,2025-07-02
697,2025-09-19,50000,30000,Partial,2025-07-05
698,2025-09-19,50000,50000,Paid,2025-07-14
699,2025-09-19,50000,50000,Paid,2025-07-12
700,2025-09-19,50000,50000,Paid,2025-09-03
701,2025-09-19,50000,50000,Paid,2025-07-21
702,2025-09-19,50000,50000,Paid,2025-08-23
703,2025-09-19,50000,30000,Partial,2025-08-03
704,2025-09-19,50000,50000,Paid,2025-06-30
705,2025-09-19,50000,50000,Paid,2025-07-20
706,2025-09-19,50000,50000,Paid,2025-07-10
707,2025-09-19,50000,50000,Paid,2025-07-11
708,2025-09-19,50000,50000,Paid,2025-07-08
709,2025-09-19,50000,50000,Paid,2025-07-02
710,2025-09-19,50000,50000,Paid,2025-07-19
711,2025-09-19,50000,50000,Paid,2025-07-04
712,2025-09-19,50000,50000,Paid,2025-07-26
713,2025-09-19,50000,50000,Paid,2025-08-09
714,2025-09-19,50000,0,Overdue,
715,2025-09-19,50000,50000,Paid,2025-07-14
716,2025-09-19,50000,50000,Paid,2025-08-06
717,2025-09-19,50000,0,Overdue,
718,2025-09-19,50000,50000,Paid,2025-07-11
719,2025-09-19,50000,50000,Paid,2025-07-28
720,2025-09-19,50000,50000,Paid,2025-07-26
721,2025-09-19,50000,50000,Paid,2025-07-21
722,2025-09-19,50000,50000,Paid,2025-09-01
723,2025-09-19,50000,50000,Paid,2025-07-24
724,2025-09-19,50000,50000,Paid,2025-08-09
725,2025-09-19,50000,50000,Paid,2025-07-23
726,2025-09-19,50000,50000,Paid,2025-07-14
727,2025-09-19,50000,50000,Paid,2025-08-14
728,2025-09-19,50000,50000,Paid,2025-07-12
729,2025-09-19,50000,50000,Paid,2025-07-13
730,2025-09-19,50000,0,Overdue,
731,2025-09-19,50000,50000,Paid,2025-07-09
732,2025-09-19,50000,50000,Paid,2025-08-16
733,2025-09-19,50000,50000,Paid,2025-08-28
734,2025-09-19,50000,50000,Paid,2025-08-11
735,2025-09-19,50000,50000,Paid,2025-08-24
736,2025-09-19,50000,0,Overdue,
737,2025-09-19,50000,50000,Paid,2025-07-11
738,2025-09-19,50000,50000,Paid,2025-07-10
739,2025-09-19,50000,50000,Paid,2025-08-02
740,2025-09-19,50000,30000,Partial,2025-07-06
741,2025-09-19,50000,50000,Paid,2025-08-24
742,2025-09-19,50000,50000,Paid,2025-08-06
743,2025-09-19,50000,50000,Paid,2025-06-26
744,2025-09-19,50000,30000,Partial,2025-07-07
745,2025-09-19,50000,50000,Paid,2025-09-05
746,2025-09-19,50000,50000,Paid,2025-08-22
747,2025-09-19,50000,50000,Paid,2025-07-01
748,2025-09-19,50000,50000,Paid,2025-06-24
749,2025-09-19,50000,30000,Partial,2025-08-01
750,2025-09-19,50000,50000,Paid,2025-09-05
751,2025-09-19,50000,50000,Paid,2025-08-19
752,2025-09-19,50000,50000,Paid,2025-08-27
753,2025-09-19,50000,50000,Paid,2025-07-01
754,2025-09-19,50000,50000,Paid,2025-07-29
755,2025-09-19,50000,0,Overdue,
756,2025-09-19,50000,30000,Partial,2025-07-09
757,2025-09-19,50000,50000,Paid,2025-08-28
758,2025-09-19,50000,50000,Paid,2025-07-15
759,2025-09-19,50000,50000,Paid,2025-06-29
760,2025-09-19,50000,50000,Paid,2025-09-09
761,2025-09-19,50000,50000,Paid,2025-07-24
762,2025-09-19,50000,50000,Paid,2025-07-28
763,2025-09-19,50000,30000,Partial,2025-06-24
764,2025-09-19,50000,50000,Paid,2025-08-05
765,2025-09-19,50000,50000,Paid,2025-06-23
766,2025-09-19,50000,50000,Paid,2025-08-14
767,2025-09-19,50000,50000,Paid,2025-07-06
768,2025-09-19,50000,50000,Paid,2025-08-27
769,2025-09-19,50000,50000,Paid,2025-08-07
770,2025-09-19,50000,50000,Paid,2025-07-13
771,2025-09-19,50000,50000,Paid,2025-06-26
772,2025-09-19,50000,50000,Paid,2025-08-22
773,2025-09-19,50000,50000,Paid,2025-07-28
774,2025-09-19,50000,0,Overdue,
775,2025-09-19,50000,50000,Paid,2025-09-01
776,2025-09-19,50000,50000,Paid,2025-07-02
777,2025-09-19,50000,50000,Paid,2025-08-20
778,2025-09-19,50000,50000,Paid,2025-06-23
779,2025-09-19,50000,50000,Paid,2025-08-07
780,2025-09-19,50000,50000,Paid,2025-08-11
781,2025-09-19,50000,50000,Paid,2025-07-07
782,2025-09-19,50000,50000,Paid,2025-09-06
783,2025-09-19,50000,50000,Paid,2025-09-04
784,2025-09-19,50000,50000,Paid,2025-09-05
785,2025-09-19,50000,50000,Paid,2025-08-08
786,2025-09-19,50000,50000,Paid,2025-09-11
787,2025-09-19,50000,50000,Paid,2025-06-26
788,2025-09-19,50000,50000,Paid,2025-07-28
789,2025-09-19,50000,50000,Paid,2025-09-11
790,2025-09-19,50000,50000,Paid,2025-06-27
791,2025-09-19,50000,50000,Paid,2025-08-08
792,2025-09-19,50000,50000,Paid,2025-09-04
793,2025-09-19,50000,50000,Paid,2025-06-25
794,2025-09-19,50000,50000,Paid,2025-08-18
795,2025-09-19,50000,50000,Paid,2025-07-29
796,2025-09-19,50000,30000,Partial,2025-09-08
797,2025-09-19,50000,50000,Paid,2025-09-07
798,2025-09-19,50000,0,Overdue,
799,2025-09-19,50000,50000,Paid,2025-08-23
800,2025-09-19,50000,50000,Paid,2025-08-05
801,2025-09-19,50000,50000,Paid,2025-08-25
802,2025-09-19,50000,50000,Paid,2025-07-11
803,2025-09-19,50000,50000,Paid,2025-08-12
804,2025-09-19,50000,50000,Paid,2025-08-09
805,2025-09-19,50000,50000,Paid,2025-08-02
806,2025-09-19,50000,50000,Paid,2025-08-25
807,2025-09-19,50000,50000,Paid,2025-08-16
808,2025-09-19,50000,50000,Paid,2025-09-07
809,2025-09-19,50000,50000,Paid,2025-08-02
810,2025-09-19,50000,30000,Partial,2025-08-17
811,2025-09-19,50000,50000,Paid,2025-08-13
812,2025-09-19,50000,50000,Paid,2025-08-30
813,2025-09-19,50000,50000,Paid,2025-06-29
814,2025-09-19,50000,50000,Paid,2025-06-28
815,2025-09-19,50000,0,Overdue,
816,2025-09-19,50000,50000,Paid,2025-08-09
817,2025-09-19,50000,50000,Paid,2025-07-11
818,2025-09-19,50000,50000,Paid,2025-07-10
819,2025-09-19,50000,50000,Paid,2025-09-08
820,2025-09-19,50000,50000,Paid,2025-07-30
821,2025-09-19,50000,50000,Paid,2025-08-03
822,2025-09-19,50000,50000,Paid,2025-07-06
823,2025-09-19,50000,50000,Paid,2025-06-24
824,2025-09-19,50000,50000,Paid,2025-07-24
825,2025-09-19,50000,50000,Paid,2025-08-23
826,2025-09-19,50000,50000,Paid,2025-08-14
827,2025-09-19,50000,50000,Paid,2025-08-12
828,2025-09-19,50000,50000,Paid,2025-08-04
829,2025-09-19,50000,50000,Paid,2025-07-06
830,2025-09-19,50000,50000,Paid,2025-06-26
831,2025-09-19,50000,50000,Paid,2025-08-22
832,2025-09-19,50000,50000,Paid,2025-07-04
833,2025-09-19,50000,50000,Paid,2025-09-05
834,2025-09-19,50000,50000,Paid,2025-07-21
835,2025-09-19,50000,0,Overdue,
836,2025-09-19,50000,50000,Paid,2025-07-28
837,2025-09-19,50000,0,Overdue,
838,2025-09-19,50000,50000,Paid,2025-08-21
839,2025-09-19,50000,50000,Paid,2025-07-22
840,2025-09-19,50000,50000,Paid,2025-07-07
841,2025-09-19,50000,30000,Partial,2025-08-29
842,2025-09-19,50000,50000,Paid,2025-08-26
843,2025-09-19,50000,50000,Paid,2025-06-24
844,2025-09-19,50000,50000,Paid,2025-08-13
845,2025-09-19,50000,50000,Paid,2025-08-16
846,2025-09-19,50000,50000,Paid,2025-07-19
847,2025-09-19,50000,50000,Paid,2025-09-11
848,2025-09-19,50000,30000,Partial,2025-08-05
849,2025-09-19,50000,50000,Paid,2025-07-09
850,2025-09-19,50000,50000,Paid,2025-08-30
851,2025-09-19,50000,50000,Paid,2025-08-07
852,2025-09-19,50000,50000,Paid,2025-07-27
853,2025-09-19,50000,50000,Paid,2025-07-02
854,2025-09-19,50000,50000,Paid,2025-09-07
855,2025-09-19,50000,50000,Paid,2025-07-03
856,2025-09-19,50000,50000,Paid,2025-07-20
857,2025-09-19,50000,50000,Paid,2025-09-10
858,2025-09-19,50000,0,Overdue,
859,2025-09-19,50000,50000,Paid,2025-07-22
860,2025-09-19,50000,50000,Paid,2025-08-01
861,2025-09-19,50000,50000,Paid,2025-08-27
862,2025-09-19,50000,30000,Partial,2025-08-27
863,2025-09-19,50000,50000,Paid,2025-07-29
864,2025-09-19,50000,30000,Partial,2025-09-08
865,2025-09-19,50000,50000,Paid,2025-08-06
866,2025-09-19,50000,50000,Paid,2025-08-17
867,2025-09-19,50000,50000,Paid,2025-07-02
868,2025-09-19,50000,50000,Paid,2025-08-04
869,2025-09-19,50000,50000,Paid,2025-07-07
870,2025-09-19,50000,50000,Paid,2025-07-24
871,2025-09-19,50000,50000,Paid,2025-07-19
872,2025-09-19,50000,30000,Partial,2025-08-27
873,2025-09-19,50000,50000,Paid,2025-08-04
874,2025-09-19,50000,50000,Paid,2025-08-20
875,2025-09-19,50000,30000,Partial,2025-08-09
876,2025-09-19,50000,50000,Paid,2025-08-25
877,2025-09-19,50000,30000,Partial,2025-08-14
878,2025-09-19,50000,50000,Paid,2025-07-07
879,2025-09-19,50000,50000,Paid,2025-06-28
880,2025-09-19,50000,50000,Paid,2025-08-13
881,2025-09-19,50000,50000,Paid,2025-08-25
882,2025-09-19,50000,50000,Paid,2025-08-24
883,2025-09-19,50000,30000,Partial,2025-06-28
884,2025-09-19,50000,50000,Paid,2025-08-01
885,2025-09-19,50000,50000,Paid,2025-08-20
886,2025-09-19,50000,50000,Paid,2025-08-31
887,2025-09-19,50000,30000,Partial,2025-07-05
888,2025-09-19,50000,50000,Paid,2025-07-14
889,2025-09-19,50000,50000,Paid,2025-07-19
890,2025-09-19,50000,50000,Paid,2025-09-02
891,2025-09-19,50000,50000,Paid,2025-08-14
892,2025-09-19,50000,50000,Paid,2025-07-05
893,2025-09-19,50000,50000,Paid,2025-07-12
894,2025-09-19,50000,50000,Paid,2025-09-10
895,2025-09-19,50000,50000,Paid,2025-08-02
896,2025-09-19,50000,50000,Paid,2025-08-29
897,2025-09-19,50000,50000,Paid,2025-06-24
898,2025-09-19,50000,50000,Paid,2025-07-11
899,2025-09-19,50000,50000,Paid,2025-07-12
900,2025-09-19,50000,50000,Paid,2025-07-24
901,2025-09-19,50000,50000,Paid,2025-07-04
902,2025-09-19,50000,50000,Paid,2025-07-24
903,2025-09-19,50000,50000,Paid,2025-08-16
904,2025-09-19,50000,50000,Paid,2025-07-29
905,2025-09-19,50000,30000,Partial,2025-09-07
906,2025-09-19,50000,50000,Paid,2025-08-20
907,2025-09-19,50000,50000,Paid,2025-07-04
908,2025-09-19,50000,50000,Paid,2025-08-08
909,2025-09-19,50000,50000,Paid,2025-06-24
910,2025-09-19,50000,50000,Paid,2025-08-05
911,2025-09-19,50000,50000,Paid,2025-08-12
912,2025-09-19,50000,50000,Paid,2025-09-03
913,2025-09-19,50000,50000,Paid,2025-07-19
914,2025-09-19,50000,50000,Paid,2025-08-31
915,2025-09-19,50000,50000,Paid,2025-09-12
916,2025-09-19,50000,50000,Paid,2025-08-12
917,2025-09-19,50000,50000,Paid,2025-09-11
918,2025-09-19,50000,30000,Partial,2025-07-28
919,2025-09-19,50000,50000,Paid,2025-06-29
920,2025-09-19,50000,50000,Paid,2025-07-02
921,2025-09-19,50000,50000,Paid,2025-08-28
922,2025-09-19,50000,50000,Paid,2025-06-26
923,2025-09-19,50000,30000,Partial,2025-08-02
924,2025-09-19,50000,50000,Paid,2025-06-23
925,2025-09-19,50000,50000,Paid,2025-08-19
926,2025-09-19,50000,30000,Partial,2025-08-07
927,2025-09-19,50000,50000,Paid,2025-06-28
928,2025-09-19,50000,50000,Paid,2025-07-20
929,2025-09-19,50000,50000,Paid,2025-07-14
930,2025-09-19,50000,50000,Paid,2025-07-26
931,2025-09-19,50000,0,Overdue,
932,2025-09-19,50000,0,Overdue,
933,2025-09-19,50000,50000,Paid,2025-07-11
934,2025-09-19,50000,30000,Partial,2025-09-06
935,2025-09-19,50000,50000,Paid,2025-08-18
936,2025-09-19,50000,50000,Paid,2025-07-20
937,2025-09-19,50000,30000,Partial,2025-07-18
938,2025-09-19,50000,50000,Paid,2025-09-06
939,2025-09-19,50000,50000,Paid,2025-08-28
940,2025-09-19,50000,50000,Paid,2025-07-14
941,2025-09-19,50000,50000,Paid,2025-09-03
942,2025-09-19,50000,50000,Paid,2025-08-23
943,2025-09-19,50000,50000,Paid,2025-08-08
944,2025-09-19,50000,30000,Partial,2025-08-04
945,2025-09-19,50000,50000,Paid,2025-07-23
946,2025-09-19,50000,50000,Paid,2025-07-29
947,2025-09-19,50000,50000,Paid,2025-06-25
948,2025-09-19,50000,30000,Partial,2025-08-27
949,2025-09-19,50000,50000,Paid,2025-06-25
950,2025-09-19,50000,50000,Paid,2025-07-10
951,2025-09-19,50000,30000,Partial,2025-07-26
952,2025-09-19,50000,50000,Paid,2025-08-09
953,2025-09-19,50000,50000,Paid,2025-07-23
954,2025-09-19,50000,50000,Paid,2025-09-06
955,2025-09-19,50000,50000,Paid,2025-07-19
956,2025-09-19,50000,0,Overdue,
957,2025-09-19,50000,50000,Paid,2025-06-29
958,2025-09-19,50000,50000,Paid,2025-08-27
959,2025-09-19,50000,50000,Paid,2025-08-26
960,2025-09-19,50000,50000,Paid,2025-08-07
961,2025-09-19,50000,50000,Paid,2025-07-22
962,2025-09-19,50000,50000,Paid,2025-07-04
963,2025-09-19,50000,50000,Paid,2025-06-25
964,2025-09-19,50000,50000,Paid,2025-08-02
965,2025-09-19,50000,50000,Paid,2025-09-10
966,2025-09-19,50000,30000,Partial,2025-09-11
967,2025-09-19,50000,0,Overdue,
968,2025-09-19,50000,50000,Paid,2025-07-20
969,2025-09-19,50000,50000,Paid,2025-07-30
970,2025-09-19,50000,50000,Paid,2025-09-02
971,2025-09-19,50000,50000,Paid,2025-08-10
972,2025-09-19,50000,50000,Paid,2025-07-10
973,2025-09-19,50000,0,Overdue,
974,2025-09-19,50000,50000,Paid,2025-08-14
975,2025-09-19,50000,50000,Paid,2025-07-01
976,2025-09-19,50000,0,Overdue,
977,2025-09-19,50000,50000,Paid,2025-08-07
978,2025-09-19,50000,50000,Paid,2025-08-02
979,2025-09-19,50000,50000,Paid,2025-07-27
980,2025-09-19,50000,50000,Paid,2025-09-09
981,2025-09-19,50000,50000,Paid,2025-08-30
982,2025-09-19,50000,50000,Paid,2025-07-14
983,2025-09-19,50000,50000,Paid,2025-09-05
984,2025-09-19,50000,50000,Paid,2025-08-15
985,2025-09-19,50000,50000,Paid,2025-08-18
986,2025-09-19,50000,50000,Paid,2025-07-03
987,2025-09-19,50000,50000,Paid,2025-06-26
988,2025-09-19,50000,50000,Paid,2025-07-16
989,2025-09-19,50000,50000,Paid,2025-07-04
990,2025-09-19,50000,30000,Partial,2025-07-20
991,2025-09-19,50000,50000,Paid,2025-07-02
992,2025-09-19,50000,50000,Paid,2025-08-23
993,2025-09-19,50000,50000,Paid,2025-08-13
994,2025-09-19,50000,30000,Partial,2025-07-01
995,2025-09-19,50000,50000,Paid,2025-08-04
996,2025-09-19,50000,50000,Paid,2025-07-15
997,2025-09-19,50000,50000,Paid,2025-07-05
998,2025-09-19,50000,0,Overdue,
999,2025-09-19,50000,50000,Paid,2025-07-01
1000,2025-09-19,50000,50000,Paid,2025-06-25
